<?xml version="1.0" encoding="UTF-8"?>
<server description="new server">
  <!-- Enable features -->
  <featureManager>
    <feature>microProfile-3.3</feature>
  </featureManager>

  <!-- To access this server from a remote client add a host attribute to the following element, e.g. host="*" -->
  <httpEndpoint id="defaultHttpEndpoint" host="*"
                httpPort="9080" httpsPort="9443">
  </httpEndpoint>

  <quickStartSecurity userName="${env.USERNAME}" userPassword="${env.PASSWORD}" />

  <webApplication name="acmeair-mainservice" location="acmeair-mainservice-java-3.3.war" contextRoot="/acmeair">
    <!-- enable visibility to third party apis -->
    <classloader apiTypeVisibility="api,ibm-api,spec,stable,third-party"/>
  </webApplication>
  
  <cors domain="/acmeair"
      allowedOrigins="*"
      allowedMethods="OPTIONS, GET, DELETE, POST"
      allowedHeaders="*"
      allowCredentials="true"
      maxAge="3600" />
  
</server>
