<?xml version="1.0" encoding="UTF-8"?>
<server description="new server">
  <!-- Enable features -->
  <featureManager>
   <!--  <feature>microProfile-3.3</feature> -->
    <feature>webProfile-8.0</feature>
    <feature>mpJwt-1.1</feature>
  </featureManager>

  <!-- To access this server from a remote client add a host attribute to the following element, e.g. host="*" -->
  <httpEndpoint id="defaultHttpEndpoint" host="*"
              httpPort="9080" httpsPort="9443">
  </httpEndpoint>

  <quickStartSecurity userName="${env.USERNAME}" userPassword="${env.PASSWORD}" />

  <webApplication name="acmeair-customerservice" location="acmeair-customerservice-java-3.3.war" contextRoot="/customer">
    <!-- enable visibility to third party apis -->
    <classloader apiTypeVisibility="api,ibm-api,spec,stable,third-party"/>
  </webApplication>
 
  <!-- IBM i Db2 for i-->
 <!-- <library id="DB2iToolboxLib">
  <fileset dir="/drivers" includes="*.jar"/>
</library>
<connectionManager id="conMgr4" reapTime="-1" purgePolicy="FailingConnectionOnly" minPoolSize="50" maxPoolSize="50" maxIdleTime="-1" connectionTimeout="0" agedTimeout="-1"/>
  <dataSource id="acmeairdb" jndiName="jdbc/acmeairdb" statementCacheSize="60" connectionManagerRef="conMgr4">
    <jdbcDriver libraryRef="DB2iToolboxLib"/>
    <properties.db2.i.toolbox 
    databaseName="acmeair" 
    password="${env.PASSWORD}" 
    serverName="${env.DATABASE_HOST}" 
    user="${env.USERNAME}" 
    libraries="${env.LIBRARY_LIST}"
    clientRerouteAlternateServerName="${env.DATABASE_ALT_HOST}"
    enableClientAffinitiesList="1"
    enableSeamlessFailover="1"
    />
  </dataSource> -->

   <!-- Db2 LUW -->
  <!-- <library id="DB2JCCLib">
    <fileset dir="/drivers" includes="db2jcc4.jar db2jcc_license_cisuz.jar"/>
</library>
  <dataSource id="acmeairdb" jndiName="jdbc/acmeairdb">
    <jdbcDriver libraryRef="DB2JCCLib"/>
    <properties.db2.jcc databaseName="acmeair" serverName="${env.DATABASE_HOST}" portNumber="50000"
    user="${env.USERNAME}" password="${env.PASSWORD}"
    />
</dataSource> -->

<!-- Oracle -->

<dataSource id="acmeairdb" jndiName="jdbc/acmeairdb">
    <jdbcDriver libraryRef="OracleLib"/>
    <properties.oracle URL="jdbc:oracle:thin:@//${env.DATABASE_HOST}:1521/acmeair"
    user="${env.USERNAME}" password="${env.PASSWORD}"
    />
</dataSource>

<library id="OracleLib">
    <file name="/drivers/ojdbc8.jar"/>
</library>


<jndiEntry value="db2" jndiName="com/acmeair/repository/type"/> 

  <cors domain="/customer"
      allowedOrigins="*"
      allowedMethods="GET, DELETE, POST, OPTIONS"
      allowedHeaders="*"
      allowCredentials="true"
      maxAge="3600" />

</server>
